{"frames":{"title_cat1":{"frame":{"x":0,"y":0,"w":205,"h":225},"rotated":false,"trimmed":false,"spriteSourceSize":{"x":0,"y":0,"w":205,"h":225},"sourceSize":{"w":205,"h":225}},"title_cat2":{"frame":{"x":205,"y":0,"w":205,"h":225},"rotated":false,"trimmed":false,"spriteSourceSize":{"x":0,"y":0,"w":205,"h":225},"sourceSize":{"w":205,"h":225}},"title_cat3":{"frame":{"x":410,"y":0,"w":205,"h":225},"rotated":false,"trimmed":false,"spriteSourceSize":{"x":0,"y":0,"w":205,"h":225},"sourceSize":{"w":205,"h":225}},"title_cat4":{"frame":{"x":615,"y":0,"w":205,"h":225},"rotated":false,"trimmed":false,"spriteSourceSize":{"x":0,"y":0,"w":205,"h":225},"sourceSize":{"w":205,"h":225}}},"meta":{"app":"https://www.leshylabs.com/apps/sstool/","version":"Leshy SpriteSheet Tool v0.8.4","image":"spritesheet.png","size":{"w":820,"h":225},"scale":1}}