{"frames":{"frog_title1":{"frame":{"x":0,"y":0,"w":175,"h":275},"rotated":false,"trimmed":false,"spriteSourceSize":{"x":0,"y":0,"w":175,"h":275},"sourceSize":{"w":175,"h":275}},"frog_title2":{"frame":{"x":175,"y":0,"w":175,"h":275},"rotated":false,"trimmed":false,"spriteSourceSize":{"x":0,"y":0,"w":175,"h":275},"sourceSize":{"w":175,"h":275}},"frog_title3":{"frame":{"x":350,"y":0,"w":175,"h":275},"rotated":false,"trimmed":false,"spriteSourceSize":{"x":0,"y":0,"w":175,"h":275},"sourceSize":{"w":175,"h":275}},"frog_title4":{"frame":{"x":525,"y":0,"w":175,"h":275},"rotated":false,"trimmed":false,"spriteSourceSize":{"x":0,"y":0,"w":175,"h":275},"sourceSize":{"w":175,"h":275}}},"meta":{"app":"https://www.leshylabs.com/apps/sstool/","version":"Leshy SpriteSheet Tool v0.8.4","image":"spritesheet.png","size":{"w":700,"h":275},"scale":1}}