{"frames":{"title_mole1":{"frame":{"x":0,"y":0,"w":150,"h":200},"rotated":false,"trimmed":false,"spriteSourceSize":{"x":0,"y":0,"w":150,"h":200},"sourceSize":{"w":150,"h":200}},"title_mole2":{"frame":{"x":150,"y":0,"w":150,"h":200},"rotated":false,"trimmed":false,"spriteSourceSize":{"x":0,"y":0,"w":150,"h":200},"sourceSize":{"w":150,"h":200}},"title_mole3":{"frame":{"x":300,"y":0,"w":150,"h":200},"rotated":false,"trimmed":false,"spriteSourceSize":{"x":0,"y":0,"w":150,"h":200},"sourceSize":{"w":150,"h":200}},"title_mole4":{"frame":{"x":450,"y":0,"w":150,"h":200},"rotated":false,"trimmed":false,"spriteSourceSize":{"x":0,"y":0,"w":150,"h":200},"sourceSize":{"w":150,"h":200}}},"meta":{"app":"https://www.leshylabs.com/apps/sstool/","version":"Leshy SpriteSheet Tool v0.8.4","image":"spritesheet.png","size":{"w":600,"h":200},"scale":1}}